ID,Num,country,lat,lng,Nex,Nposcotedivoire-591,591,cotedivoire,5.36709,-3.9991,30,1cotedivoire-516,516,cotedivoire,10.28501,-6.15562,32,0cotedivoire-386,386,cotedivoire,5.3086,-3.95022,31,0cotedivoire-72,72,cotedivoire,9.42956,-6.01747,30,1cotedivoire-14,14,cotedivoire,9.60649,-7.55302,30,0cotedivoire-404,404,cotedivoire,5.24151,-4.24898,31,0cotedivoire-174,174,cotedivoire,6.3434,-8.25298,30,3cotedivoire-385,385,cotedivoire,5.25697,-4.36421,30,0cotedivoire-1,1,cotedivoire,6.14522,-3.3865,30,0cotedivoire-429,429,cotedivoire,5.33468,-4.17724,30,0cotedivoire-8,8,cotedivoire,9.28261,-7.73711,30,0cotedivoire-284,284,cotedivoire,6.47398,-4.29087,36,0cotedivoire-156,156,cotedivoire,6.64629,-5.12641,30,0cotedivoire-126,126,cotedivoire,5.33285,-4.11426,30,0cotedivoire-422,422,cotedivoire,9.03233,-6.4635,34,1cotedivoire-224,224,cotedivoire,7.12654,-4.89671,30,0cotedivoire-408,408,cotedivoire,5.31577,-4.72392,32,0cotedivoire-381,381,cotedivoire,5.28621,-4.30518,30,2cotedivoire-58,58,cotedivoire,7.83315,-3.25457,30,0cotedivoire-295,295,cotedivoire,7.10137,-4.08348,30,0cotedivoire-550,550,cotedivoire,9.32206,-6.36105,32,0cotedivoire-428,428,cotedivoire,5.28277,-3.9665,30,0cotedivoire-297,297,cotedivoire,7.60431,-3.72879,30,0cotedivoire-198,198,cotedivoire,9.35875,-5.11808,30,0cotedivoire-45,45,cotedivoire,6.07718,-3.40773,30,0cotedivoire-617,617,cotedivoire,6.52834,-3.63093,30,9cotedivoire-177,177,cotedivoire,5.36612,-4.07177,30,0cotedivoire-50,50,cotedivoire,6.32416,-3.44381,30,0cotedivoire-498,498,cotedivoire,5.31278,-3.96297,34,0cotedivoire-405,405,cotedivoire,5.31831,-4.37808,29,0cotedivoire-353,353,cotedivoire,7.25029,-4.40056,31,0cotedivoire-601,601,cotedivoire,7.42171,-6.23392,32,0cotedivoire-240,240,cotedivoire,6.57021,-8.08926,30,7cotedivoire-534,534,cotedivoire,5.64783,-4.56912,31,1cotedivoire-335,335,cotedivoire,5.44245,-4.02253,29,0cotedivoire-52,52,cotedivoire,9.65065,-7.62223,30,2cotedivoire-81,81,cotedivoire,7.26239,-3.41762,30,1cotedivoire-3,3,cotedivoire,6.25972,-3.39708,30,0cotedivoire-448,448,cotedivoire,6.28088,-6.36063,32,0cotedivoire-89,89,cotedivoire,6.97737,-3.17026,30,0cotedivoire-31,31,cotedivoire,8.17208,-2.77785,30,0cotedivoire-23,23,cotedivoire,5.3559,-4.04665,30,8cotedivoire-497,497,cotedivoire,5.30545,-3.94427,30,0cotedivoire-598,598,cotedivoire,8.5414,-3.44295,31,0cotedivoire-602,602,cotedivoire,6.7021,-4.29208,30,2cotedivoire-65,65,cotedivoire,7.82293,-3.1141,30,0cotedivoire-528,528,cotedivoire,5.27502,-3.96615,30,0cotedivoire-423,423,cotedivoire,8.21413,-5.66478,31,0cotedivoire-445,445,cotedivoire,6.49556,-6.57631,33,1cotedivoire-393,393,cotedivoire,5.3156,-4.24529,35,2cotedivoire-16,16,cotedivoire,8.04405,-2.80698,30,0cotedivoire-532,532,cotedivoire,5.6454,-4.58122,30,0cotedivoire-518,518,cotedivoire,10.20487,-6.30436,33,1cotedivoire-569,569,cotedivoire,6.67602,-3.9692,30,0cotedivoire-559,559,cotedivoire,9.27561,-6.24086,31,0cotedivoire-313,313,cotedivoire,5.43382,-4.05803,31,2cotedivoire-363,363,cotedivoire,7.66952,-6.09823,31,0cotedivoire-491,491,cotedivoire,5.66993,-4.57594,30,5cotedivoire-523,523,cotedivoire,8.82159,-2.96255,30,1cotedivoire-565,565,cotedivoire,9.35979,-6.18574,32,3cotedivoire-145,145,cotedivoire,10.07056,-5.07499,30,1cotedivoire-41,41,cotedivoire,8.23364,-2.57725,30,0cotedivoire-630,630,cotedivoire,8.28439,-7.68611,33,17cotedivoire-192,192,cotedivoire,5.34199,-4.07009,30,1cotedivoire-530,530,cotedivoire,5.31437,-4.003339,30,0cotedivoire-244,244,cotedivoire,5.40216,-4.00284,30,0cotedivoire-443,443,cotedivoire,8.12262,-6.54219,30,1cotedivoire-253,253,cotedivoire,7.11241,-4.26204,34,3cotedivoire-514,514,cotedivoire,9.87175,-3.42,30,2cotedivoire-141,141,cotedivoire,5.3265,-4.09575,30,0cotedivoire-252,252,cotedivoire,5.43916,-4.02409,30,0cotedivoire-201,201,cotedivoire,5.34947,-4.05727,30,0cotedivoire-618,618,cotedivoire,6.64323,-3.36087,30,0cotedivoire-436,436,cotedivoire,8.79388,-6.5984,35,0cotedivoire-49,49,cotedivoire,6.38192,-3.34957,32,0cotedivoire-387,387,cotedivoire,5.30458,-4.37763,28,0cotedivoire-612,612,cotedivoire,5.34691,-3.99918,30,0cotedivoire-61,61,cotedivoire,8.40017,-3.11345,30,0cotedivoire-184,184,cotedivoire,9.35249,-5.12225,32,0cotedivoire-280,280,cotedivoire,6.72501,-4.85418,32,0cotedivoire-113,113,cotedivoire,7.81187,-3.52352,32,0cotedivoire-199,199,cotedivoire,9.35245,-5.122225,32,0cotedivoire-389,389,cotedivoire,5.24552,-3.91136,31,0cotedivoire-453,453,cotedivoire,7.96677,-6.68517,30,1cotedivoire-466,466,cotedivoire,9.85272,-3.39256,30,0cotedivoire-190,190,cotedivoire,5.33753,-4.07251,30,0cotedivoire-457,457,cotedivoire,8.04402,-6.40905,30,0cotedivoire-111,111,cotedivoire,10.17715,-5.38187,32,0cotedivoire-109,109,cotedivoire,5.33294,-4.08286,30,0cotedivoire-623,623,cotedivoire,8.29095,-7.29851,33,13cotedivoire-226,226,cotedivoire,6.50716,-8.1078,32,8cotedivoire-425,425,cotedivoire,5.30547,-3.9443,30,0cotedivoire-143,143,cotedivoire,10.18133,-5.13526,32,0cotedivoire-382,382,cotedivoire,5.20034,-4.35532,30,0cotedivoire-544,544,cotedivoire,8.58372,-3.63003,32,0cotedivoire-181,181,cotedivoire,9.2042,-4.55912,32,0cotedivoire-515,515,cotedivoire,9.61261,-3.43777,30,1cotedivoire-125,125,cotedivoire,5.34966,-4.0966,30,1cotedivoire-302,302,cotedivoire,7.45406,-4.433842,34,0cotedivoire-417,417,cotedivoire,6.39475,-5.53418,32,0cotedivoire-132,132,cotedivoire,7.09968,-3.53385,31,1cotedivoire-392,392,cotedivoire,5.24922,-3.94392,30,0cotedivoire-340,340,cotedivoire,7.16508,-4.39155,32,0cotedivoire-75,75,cotedivoire,9.30111,-6.06126,31,2cotedivoire-593,593,cotedivoire,5.39318,-3.99337,30,0cotedivoire-29,29,cotedivoire,8.04278,-3.09723,30,0cotedivoire-211,211,cotedivoire,5.40267,-4.00611,30,0cotedivoire-369,369,cotedivoire,6.3844,-5.38125,32,0cotedivoire-62,62,cotedivoire,5.3731,-4.02627,30,0cotedivoire-104,104,cotedivoire,5.33645,-4.0991,30,0cotedivoire-291,291,cotedivoire,7.0129,-4.36401,34,0cotedivoire-238,238,cotedivoire,7.44826,-4.72816,30,0cotedivoire-580,580,cotedivoire,6.46887,-4.36511,30,0cotedivoire-27,27,cotedivoire,7.9507,-3.01032,30,0cotedivoire-634,634,cotedivoire,6.91022,-3.41664,32,0cotedivoire-166,166,cotedivoire,6.56541,-5.02461,30,0cotedivoire-25,25,cotedivoire,8.03432,-2.78704,30,0cotedivoire-36,36,cotedivoire,9.26395,-5.37392,32,4cotedivoire-549,549,cotedivoire,8.60997,-3.16825,32,0cotedivoire-546,546,cotedivoire,9.31025,-6.13492,32,0cotedivoire-357,357,cotedivoire,7.82678,-3.88538,30,0cotedivoire-308,308,cotedivoire,5.26064,-4.99872,30,3cotedivoire-30,30,cotedivoire,9.03582,-5.33081,30,2cotedivoire-189,189,cotedivoire,9.06159,-4.45014,32,0cotedivoire-462,462,cotedivoire,10.25971,-6.21211,31,1cotedivoire-44,44,cotedivoire,6.07954,-3.40365,30,0cotedivoire-149,149,cotedivoire,6.54992,-4.85478,30,0cotedivoire-116,116,cotedivoire,7.48646,-3.25237,30,0cotedivoire-63,63,cotedivoire,5.34778,-4.01522,30,5cotedivoire-239,239,cotedivoire,7.45906,-4.78219,30,0cotedivoire-136,136,cotedivoire,7.11473,-3.46734,30,0cotedivoire-82,82,cotedivoire,7.17049,-3.23537,30,0cotedivoire-399,399,cotedivoire,5.32137,-4.38614,30,0cotedivoire-384,384,cotedivoire,5.31313,-3.95114,32,0cotedivoire-59,59,cotedivoire,7.84016,-2.98785,31,0cotedivoire-596,596,cotedivoire,9.11357,-6.42231,32,1cotedivoire-48,48,cotedivoire,6.20023,-3.2949,31,1cotedivoire-545,545,cotedivoire,8.677,-3.19111,30,0cotedivoire-483,483,cotedivoire,5.27144,-3.97223,30,0cotedivoire-597,597,cotedivoire,8.53508,-3.44289,30,0cotedivoire-464,464,cotedivoire,8.98963,-2.76124,30,0cotedivoire-510,510,cotedivoire,9.5922,-3.53053,30,0cotedivoire-216,216,cotedivoire,6.4831,-8.02242,30,29cotedivoire-625,625,cotedivoire,6.534,-3.23702,30,0cotedivoire-320,320,cotedivoire,5.44099,-4.02965,30,0cotedivoire-292,292,cotedivoire,7.45406,-4.33842,35,0cotedivoire-4,4,cotedivoire,6.3248,-3.44416,30,0cotedivoire-195,195,cotedivoire,6.70693,-5.0297,30,0cotedivoire-228,228,cotedivoire,6.46447,-8.02142,30,6cotedivoire-191,191,cotedivoire,5.33242,-4.0749,30,2cotedivoire-325,325,cotedivoire,5.35413,-4.88949,32,0cotedivoire-278,278,cotedivoire,7.52202,-3.80441,30,2cotedivoire-142,142,cotedivoire,5.28271,-4.09086,30,0cotedivoire-70,70,cotedivoire,10.00055,-6.02588,32,2cotedivoire-587,587,cotedivoire,5.36892,-3.96688,31,0cotedivoire-268,268,cotedivoire,6.56568,-4.18157,30,4cotedivoire-281,281,cotedivoire,6.49092,-4.22442,32,0cotedivoire-139,139,cotedivoire,5.31974,-4.10024,30,0cotedivoire-155,155,cotedivoire,6.42518,-4.82194,31,1cotedivoire-22,22,cotedivoire,8.21562,-2.63513,30,0cotedivoire-495,495,cotedivoire,5.72793,-4.43515,32,1cotedivoire-220,220,cotedivoire,7.22901,-4.80717,30,0cotedivoire-337,337,cotedivoire,5.4205,-4.03013,31,1cotedivoire-433,433,cotedivoire,5.21503,-4.69847,31,0cotedivoire-438,438,cotedivoire,8.1597,-6.55385,30,1cotedivoire-522,522,cotedivoire,9.17171,-2.74549,32,0cotedivoire-553,553,cotedivoire,8.71168,-3.11948,32,0cotedivoire-73,73,cotedivoire,8.00436,-2.93965,30,0cotedivoire-624,624,cotedivoire,8.09377,-7.48293,32,13cotedivoire-374,374,cotedivoire,8.45042,-6.26983,35,0cotedivoire-478,478,cotedivoire,6.49853,-6.58481,33,1cotedivoire-110,110,cotedivoire,7.81998,-3.30049,30,0cotedivoire-548,548,cotedivoire,9.30182,-6.37519,32,0cotedivoire-138,138,cotedivoire,10.08025,-7.50553,30,0cotedivoire-339,339,cotedivoire,5.41832,-4.02006,31,0cotedivoire-162,162,cotedivoire,6.3164,-4.97051,30,0cotedivoire-451,451,cotedivoire,8.03038,-6.64112,30,1